# freq_Hz, tip_disp_m, voltage_V
1.000000000000000000e+01,3.947857345951837305e-16,3.947857345951837875e-19
1.257500000000000000e+03,6.658414831955781620e-12,6.658414831955781797e-15
2.505000000000000000e+03,3.293065225598274183e-11,3.293065225598274552e-14
3.752500000000000000e+03,1.251774078043246139e-10,1.251774078043246200e-13
5.000000000000000000e+03,7.568970489450975912e-09,7.568970489450976649e-12
